Name0,Surname0,12345670,user0@test.com,Default
Name1,Surname1,12345671,user1@test.com,Default
Name2,Surname2,12345672,user2@test.com,Default
Name3,Surname3,12345673,user3@test.com,Default
Name4,Surname4,12345674,user4@test.com,Default
Name5,Surname5,12345675,user5@test.com,Default
Name6,Surname6,12345676,user6@test.com,Default
Name7,Surname7,12345677,user7@test.com,Default
Name8,Surname8,12345678,user8@test.com,Default
Name9,Surname9,12345679,user9@test.com,Default
Name10,Surname10,123456710,user10@test.com,Default
Name11,Surname11,123456711,user11@test.com,Default
Name12,Surname12,123456712,user12@test.com,Default
Other0,OtherSurname0,76543210,user0@other.com,Test
Other1,OtherSurname1,76543211,user1@other.com,Test
Other2,OtherSurname2,76543212,user2@other.com,Test
Other3,OtherSurname3,76543213,user3@other.com,Test
Other4,OtherSurname4,76543214,user4@other.com,Test
Other5,OtherSurname5,76543215,user5@other.com,Test
Other6,OtherSurname6,76543216,user6@other.com,Test
Other7,OtherSurname7,76543217,user7@other.com,Test
Other8,OtherSurname8,76543218,user8@other.com,Test
Other9,OtherSurname9,76543219,user9@other.com,Test
